"Afghanistan";"Angola";"Albanie";"Andorre";"Le.monde.arabe";"Émirats.arabes.unis";"Argentine";"Arménie";"Antigua.et.Barbuda";"Australie";"Autriche";"Azerbaïdjan";"Burundi";"Belgique";"Bénin";"Burkina.Faso";"Bangladesh";"Bulgarie";"Bahreïn";"Bahamas";"Bosnie.Herzégovine";"Bélarus";"Belize";"Bolivie";"Brésil";"Barbade";"Brunéi.Darussalam";"Bhoutan";"Botswana";"République.centrafricaine";"Canada";"Europe.centrale.et.les.pays.baltes";"Suisse";"Chili";"Chine";"Côte.d.Ivoire";"Cameroun";"Congo";"Congo.1";"Colombie";"Comores";"Cabo.Verde";"Costa.Rica";"Petits.états.des.Caraïbes";"Cuba";"Chypre";"République.tchèque";"Allemagne";"Djibouti";"Dominique";"Danemark";"République.dominicaine";"Algérie";"Asie.de.l.Est.et.Pacifique..hors.revenu.élevé.";"de.dividende.précoce.démographique";"Asie.de.l.Est.et.Pacifique";"Europe.et.Asie.centrale..hors.revenu.élevé.";"Europe.et.Asie.centrale";"Équateur";"Égypte";"Zone.euro";"Érythrée";"Espagne";"Estonie";"Éthiopie";"Union.européenne";"Fragile.et.les.situations.de.conflit.touchées";"Finlande";"Fidji";"France";"Micronésie";"Gabon";"Royaume.Uni";"Géorgie";"Ghana";"Guinée";"Gambie";"Guinée.Bissau";"Guinée.équatoriale";"Grèce";"Grenade";"Guatemala";"Guyana";"Revenu.élevé";"Honduras";"Pays.pauvres.très.endettés..PPTE.";"Croatie";"Haïti";"Hongrie";"BIRD.seulement";"BIRD.et.IDA";"IDA.totale";"IDA.mélange";"Indonésie";"IDA.seulement";"Inde";"Irlande";"Iran";"Iraq";"Islande";"Israël";"Italie";"Jamaïque";"Jordanie";"Japon";"Kazakhstan";"Kenya";"République.kirghize";"Cambodge";"Kiribati";"Saint.Kitts.et.Nevis";"Corée";"Koweït";"Amérique.latine.et.Caraïbes..hors.revenu.élevé.";"République.démocratique.populaire.lao";"Liban";"Libéria";"Libye";"Sainte.Lucie";"Amérique.latine.et.Caraïbes";"Pays.les.moins.avancés..classement.de.l.ONU";"Faible.revenu";"Liechtenstein";"Sri.Lanka";"Revenu.intermédiaire";"Revenu.faible.et.intermédiaire";"Lesotho";"de.dividende.tardif.démographique";"Lituanie";"Luxembourg";"Lettonie";"Maroc";"Moldova";"Madagascar";"Maldives";"Afrique.du.Nord.et.Moyen.Orient";"Mexique";"Îles.Marshall";"Revenu.intermédiaire.1";"Macédoine.du.Nord";"Mali";"Malte";"Myanmar";"Afrique.du.Nord.et.Moyen.Orient..hors.revenu.élevé.";"Monténégro";"Mongolie";"Mozambique";"Mauritanie";"Maurice";"Malawi";"Malaisie";"Amérique.du.Nord";"Namibie";"Niger";"Nigéria";"Nicaragua";"Pays.Bas";"Norvège";"Népal";"Nauru";"Nouvelle.Zélande";"Pays.membres.de.l.OCDE";"Oman";"Autres.petits.états";"Pakistan";"Panama";"Pérou";"Philippines";"Palaos";"Papouasie.Nouvelle.Guinée";"Pologne";"de.Pré.dividende.démographique";"Corée.1";"Portugal";"Paraguay";"Petits.états.insulaires.du.Pacifique";"de.Post.dividende.démographique";"Qatar";"Roumanie";"Fédération.de.Russie";"Rwanda";"Asie.du.Sud";"Arabie.saoudite";"Soudan";"Sénégal";"Singapour";"Îles.Salomon";"Sierra.Leone";"El.Salvador";"Somalie";"Serbie";"Afrique.subsaharienne..hors.revenu.élevé.";"Soudan.du.Sud";"Afrique.subsaharienne";"Petits.états";"Sao.Tomé.et.Principe";"Suriname";"République.slovaque";"Slovénie";"Suède";"Eswatini";"Seychelles";"République.arabe.syrienne";"Tchad";"Asie.de.l.Est.et.Pacifique..BIRD.et.IDA.";"Europe.et.Asie.centrale..BIRD.et.IDA.";"Togo";"Thaïlande";"Tadjikistan";"Turkménistan";"Amérique.latine.et.Caraïbes..BIRD.et.IDA.";"Timor.Leste";"Afrique.du.Nord.et.Moyen.Orient..BIRD.et.IDA.";"Tonga";"Asie.du.Sud..BIRD.et.IDA.";"Afrique.subsaharienne..BIRD.et.IDA.";"Trinité.et.Tobago";"Tunisie";"Turquie";"Tuvalu";"Tanzanie";"Ouganda";"Ukraine";"Revenu.intermédiaire.2";"Uruguay";"États.Unis";"Ouzbékistan";"Saint.Vincent.et.les.Grenadines";"Venezuela";"Viet.Nam";"Vanuatu";"Monde";"Samoa";"Yémen";"Afrique.du.Sud";"Zambie";"Zimbabwe"
0,2225;0,5546;1,8195;7,6537;2,8157;29,0556;3,0738;5,5813;3,3161;15,4485;7,5894;7,4535;0,031;10,9668;0,0643;0,0548;0,1075;8,4432;20,7569;7,241;5,3334;9,7975;1,8073;1,467;1,3131;3,7857;12,4462;0,1433;2,0947;0,0534;15,1489;8,9308;6,4522;2,2874;1,9145;0,2275;0,2537;NA;NA;1,4947;0,1624;0,2743;0,9087;4,5528;3,3519;5,8212;14,5355;12,0266;0,4678;0,8635;10,1324;1,1025;2,4665;1,6687;1,282;2,4808;10,6284;9,4719;1,4756;NA;8,4307;NA;5,5304;22,4832;0,0482;8,4761;0,913;10,9417;0,8841;6,1373;NA;4,1708;9,813;6,9742;0,1806;0,1574;0,1826;0,1746;0,1289;7,4161;1,1106;0,4342;1,566;11,3589;0,4848;0,1709;4,2576;0,1473;6,4989;2,5746;2,1668;0,4966;0,9911;0,8154;0,2463;0,6475;8,8105;NA;3,6362;7,6523;7,2554;7,145;3,1229;2,853;8,8318;14,5125;0,2651;5,1831;0,1414;0,2662;2,707;NA;17,3917;1,8499;0,1182;1,5638;0,2036;6,7501;1,3352;2,0448;0,1291;0,629;6,9529;0,2216;NA;2,0788;0,189;3,3982;8,7132;29,5666;7,0518;0,875;10,2934;0,0749;0,7112;3,3721;3,2988;NA;2,1902;4,2022;0,0011;6,5223;0,1017;2,3538;3,1664;6,0006;0,0842;0,4686;1,0956;0,0577;3,1181;18,9844;NA;0,0681;0,7643;0,4565;9,9241;6,9103;0,0479;13,5445;6,7001;10,2629;6,6056;4,7404;0,5115;1,098;0,9444;0,6673;NA;0,5615;9,1893;0,4524;NA;4,1139;0,51;0,9108;11,8027;28,3919;7,4404;14,6215;0,0751;0,562;10,7099;0,2546;0,3092;9,5073;0,4627;0,074;0,4434;0,1043;8,1611;0,7787;0,0905;0,7788;4,4328;0,4155;4,264;10,3431;6,7712;6,2333;0,6557;2,1581;2,6102;0,0669;1,6127;10,2551;0,2528;1,6155;2,034;12,0018;1,9956;NA;2,3488;0,8103;0,562;0,7788;10,3828;1,7227;2,5624;1,0891;0,0721;0,0449;13,2704;NA;1,2352;19,4073;5,7421;0,7112;5,1457;0,2889;0,4639;3,8963;0,5351;NA;6,2105;0,3565;1,6354
0,2075;0,5454;1,2428;7,3962;2,7652;30,6515;3,1994;5,7192;3,4573;15,3182;8,0491;7,1597;0,0393;11,3909;0,051;0,0545;0,0991;6,815;19,3308;7,3898;4,7619;9,4388;2,3061;1,5004;1,3401;3,7779;12,525;0,229;1,9774;0,0483;14,741;8,2657;6,7162;2,1605;2,0005;0,2256;0,5918;0,0884;1,3415;1,516;0,1583;0,2683;0,9446;4,5736;2,5593;6,395;13,2802;11,6549;0,4614;0,8678;12,184;1,1307;2,5419;1,7405;1,3131;2,5592;10,26;9,2803;1,4729;1,5337;8,4363;NA;5,6998;20,2009;0,0467;8,3574;0,8922;10,9958;0,8664;6,5004;NA;4,5149;9,9378;5,2751;0,1616;0,1542;0,1846;0,1711;0,1449;7,347;1,2029;0,4335;1,5321;11,2615;0,4714;0,1725;3,1435;0,1415;6,2226;2,5629;2,1557;0,5027;1,0206;0,8761;0,2392;0,6831;8,9043;3,5572;2,5523;7,4089;6,9751;7,1191;3,0723;2,6675;8,9057;14,9753;0,2463;4,5748;0,1404;0,2611;2,7132;5,7776;5,838;1,8823;0,124;1,92;0,1908;6,6375;1,3863;2,0658;0,1249;0,6037;7,1997;0,2275;1,113;2,074;0,1913;3,3876;9,2572;30,3618;6,4891;0,9252;8,2739;0,0776;0,6892;3,3708;3,4552;NA;2,1878;4,1145;0,0011;6,074;0,0988;2,3583;2,2401;6,7089;0,0693;0,4743;1,1679;0,0651;3,6132;18,5804;0,7912;0,0625;0,8387;0,4437;10,253;6,4129;0,0586;13,1287;6,4748;10,2018;8,2947;4,5629;0,5059;1,247;0,8976;0,6448;NA;0,5462;9,1936;0,4235;5,9295;4,2941;0,4846;0,9132;11,6748;32,8159;6,2066;14,3971;0,0668;0,5881;11,2842;0,2237;0,3005;9,719;0,4791;0,0777;0,5622;0,1055;6,8724;0,7728;0,0842;0,773;4,3161;0,4062;4,9281;9,0397;6,3718;6,2943;0,6294;2,4134;2,7984;0,0662;1,6904;9,8698;0,2331;1,7481;1,8304;9,8881;2,0367;NA;2,3536;0,909;0,5881;0,773;10,2255;1,743;2,5994;1,0691;0,0695;0,0446;12,537;3,3172;1,3938;19,0034;5,6596;0,798;4,993;0,2896;0,4526;3,8581;0,5928;0,4964;5,9234;0,3655;1,7634
0,1153;0,5446;0,6837;7,1574;2,9286;28,2105;3,2152;3,0493;4,4851;15,3559;7,3539;8,6168;0,0313;11,1825;0,0513;0,0542;0,1062;6,4823;22,1292;9,1143;3,735;8,6126;2,6274;1,5079;1,3333;4,5348;12,9409;0,2198;2,3228;0,0501;15,0282;7,7086;6,6469;2,1999;2,0757;0,2158;0,5648;0,0468;1,3006;1,5472;0,1545;0,288;1,2493;4,842;2,0188;6,7618;12,9992;11,0738;0,4814;1,1575;11,028;1,2952;2,4989;1,7931;1,3193;2,6184;9,5929;8,8348;1,5439;1,5248;8,1606;0,229;5,9342;15,5372;0,0292;8,0613;0,9328;10,3689;0,915;6,2632;NA;4,3665;9,6889;4,1182;0,1896;0,1537;0,1774;0,176;1,7952;7,518;1,6825;0,5061;1,4497;11,2051;0,5108;0,1649;3,2868;0,1249;5,5934;2,5193;2,1152;0,4926;1,032;0,9096;0,218;0,6901;8,855;3,7782;3,6626;7,4313;7,195;7,0826;3,3476;3,0852;8,9617;15,4412;0,2413;3,0562;0,1389;0,2567;3,6675;6,3468;14,2228;1,8781;0,1315;1,8743;0,1949;5,926;2,0489;2,067;0,1218;0,5389;7,0992;0,296;1,1209;2,0348;0,1883;3,3387;5,3998;29,1707;5,3436;0,9795;6,8288;0,076;0,9618;3,546;3,4318;1,6661;2,152;4,2319;0,0011;5,9029;0,1038;2,4717;2,4321;5,7501;0,0796;0,4703;1,2172;0,0623;3,6256;18,6274;0,8347;0,0561;0,9164;0,506;10,0928;7,0455;0,0594;11,8472;6,9032;10,136;7,5155;4,2783;0,5473;1,425;0,9125;0,682;12,4969;0,527;8,9504;0,4838;5,557;4,6993;0,5775;0,9162;11,5329;31,1484;5,536;13,672;0,0653;0,5982;11,6912;0,208;0,3223;9,7224;0,4943;0,0744;0,6034;0,1058;6,2761;0,7665;0,0726;0,7667;4,18;0,3183;4,8865;8,6899;6,4263;6,547;0,6269;2,5437;2,6717;0,065;1,7525;9,2538;0,1826;1,8959;1,3596;7,1567;2,0494;NA;2,4672;0,806;0,5982;0,7667;10,2295;1,8302;2,6606;1,0564;0,0674;0,0436;11,0189;3,3132;1,5125;19,0229;5,272;1,0599;4,981;0,2982;0,3784;3,8018;0,5889;0,6117;5,7188;0,353;1,7357
0,0957;0,711;0,6383;6,9308;3,0702;28,6153;3,2403;1,4578;3,7974;15,4836;7,3112;6,4111;0,0342;10,9188;0,0508;0,0539;0,1108;6,6015;22,7798;7,2528;3,3984;7,4636;2,4205;1,352;1,3586;3,8315;13,8034;0,2496;2,2226;0,0518;14,7134;7,5087;6,2624;2,3088;2,2448;0,2223;0,4621;0,0386;1,2416;1,6143;0,1511;0,2808;1,2275;4,3163;1,8587;6,9493;12,6798;10,9303;0,4908;1,1566;11,4404;1,2566;2,6402;1,9244;1,3376;2,7461;8,7212;8,3508;1,5225;1,5153;7,9582;0,318;5,5405;12,2747;0,0361;7,8918;0,9172;10,5518;0,887;5,9117;1,0691;4,3646;9,3796;3,2763;0,1917;0,1533;0,1797;0,1703;1,8453;7,4653;1,4681;0,5219;1,4588;11,1998;0,5276;0,1532;3,3779;0,0939;5,6365;2,4987;2,0912;0,4741;1,0051;0,9653;0,2043;0,7031;8,85;3,9354;4,6414;7,5078;7,6982;6,9843;3,3834;2,9933;8,873;13,3841;0,2308;2,2384;0,1347;0,3793;3,3778;6,79;18,5892;1,8968;0,1302;2,705;0,1969;6,7283;1,9516;2,0844;0,1234;0,4971;7,3304;0,284;1,0876;2,0106;0,1909;3,3181;4,2741;29,31;4,5879;0,9912;5,8525;0,0768;0,8135;3,6892;3,47;1,8388;2,1309;4,4269;0,0011;7,5678;0,1151;2,5886;2,1142;5,2195;0,0908;0,4694;1,3396;0,0702;3,8341;18,773;0,9339;0,062;0,8391;0,486;10,3431;7,5209;0,0663;10,7569;6,7074;10,1258;7,3267;4,1454;0,5874;1,4573;0,9271;0,7233;12,21;0,515;8,9446;0,5064;4,8829;4,5952;0,6429;0,9151;11,4504;34,1741;5,1706;12,6651;0,0645;0,6117;11,3894;0,1448;0,3062;10,913;0,5084;0,0768;0,6961;0,0967;5,5486;0,7501;0,0498;0,7503;3,9648;0,3121;4,8772;8,3225;6,8081;6,4804;0,6188;2,6296;2,6505;0,0636;1,8913;8,4969;0,1545;2,1241;0,9042;6,6895;2,0725;NA;2,5845;0,9046;0,6117;0,7503;8,2846;1,828;2,7154;1,0508;0,0674;0,0416;9,5691;3,2841;1,4156;19,2183;5,2224;1,1442;5,0722;0,3406;0,3691;3,7679;0,6419;0,6325;5,7963;0,3035;1,5822
0,0835;0,8394;0,6454;6,7172;3,1676;30,3904;3,2448;0,8122;3,7273;15,7356;7,3436;4,4125;0,034;11,3587;0,0473;0,0535;0,1171;6,3622;22,5367;7,0409;0,8399;6,3372;2,268;1,2374;1,3822;3,9356;14,6265;0,2686;2,0485;0,0502;15,0603;7,309;6,0897;2,508;2,3222;0,2239;0,3596;0,048;1,0369;1,6087;0,1478;0,2739;1,39;4,0388;1,995;7,0816;12,0684;10,7554;0,4651;1,1561;12,1394;1,4423;2,6349;1,9903;1,3721;2,8445;7,7235;7,891;1,6567;1,5096;7,9296;0,3574;5,7764;12,1845;0,0406;7,8428;0,8878;11,7779;0,8852;5,8051;1,0374;4,2245;9,2486;2,1588;0,203;0,1542;0,1741;0,1652;1,9074;7,584;1,5508;0,541;1,8811;11,2978;0,5749;0,1503;3,1965;0,0254;5,5862;2,447;2,0411;0,449;0,9343;1,0218;0,2024;0,7256;9,1411;3,9616;5,0434;7,8565;8,0311;6,9012;3,3733;3,0363;9,273;12,3357;0,2246;1,4507;0,1391;0,3738;3,5713;7,4127;22,3447;1,966;0,1331;2,8986;0,1976;8,3253;2,059;2,1428;0,1324;0,4728;6,5688;0,3189;1,0569;1,9614;0,1884;3,2348;4,0496;26,8288;4,0544;1,0576;4,7648;0,0901;0,793;3,8785;3,697;1,8058;2,0811;4,3128;0,001;6,697;0,1335;2,7503;2,0609;4,484;0,0738;0,4622;1,3569;0,073;4,0707;18,8421;1,0523;0,0579;0,7428;0,547;10,2231;7,9348;0,0798;10,7066;6,6934;10,2096;7,5878;4,1876;0,59;1,518;0,9398;0,7614;11,9261;0,4627;8,8149;0,5053;4,4417;4,734;0,743;0,9036;11,4503;36,9296;5,0664;11,3542;0,0698;0,6298;11,235;0,207;0,3101;11,1084;0,5213;0,0811;0,7834;0,0905;5,0293;0,7304;0,0661;0,7307;3,9302;0,3827;4,8529;7,7997;6,8411;6,6612;0,6396;2,83;2,6891;0,0652;1,9636;7,6322;0,2224;2,3385;0,5238;8,1175;2,1286;NA;2,7465;0,9024;0,6298;0,7307;6,7543;1,7959;2,638;1,0461;0,0645;0,0363;8,0058;3,2827;1,3386;19,2562;4,8657;1,2287;4,9226;0,368;0,3602;3,7314;0,5777;0,5705;5,8274;0,2525;1,4698
0,0755;0,9143;0,6054;6,8332;3,1852;30,8835;3,2304;1,0563;3,9475;16,1167;7,6973;4,2252;0,0337;11,3024;0,0496;0,0551;0,1405;6,5286;22,0905;7,3443;0,8985;5,6544;2,2598;1,0942;1,4756;4,0793;15,3796;0,3033;2,0666;0,0488;15,2906;7,3697;6,1699;2,7031;2,5635;0,2357;0,3542;0,0532;0,7718;1,6489;0,1654;0,2917;1,3463;4,0873;2,1214;6,7833;12,1213;10,7086;0,5082;1,4451;11,4649;1,5045;2,6842;2,1873;1,4051;3,0429;7,459;7,8216;1,8094;1,4002;8,0694;0,3708;6,056;11,3181;0,0447;7,9575;0,9113;10,9813;0,8962;5,9157;1,0106;4,6436;9,08;1,7562;0,2127;0,1553;0,1771;0,1611;1,9617;7,8422;1,6337;0,6173;2,0354;11,3874;0,6658;0,1544;3,3463;0,118;5,5601;2,5247;2,0996;0,4511;0,9234;1,1289;0,211;0,7652;9,2689;4,4459;4,7769;7,4775;8,4364;7,3256;3,459;3,0506;9,3328;11,0797;0,237;1,0087;0,1346;0,3682;3,5253;7,9361;21,9004;1,9627;0,136;3,3589;0,196;9,1864;2,2317;2,1584;0,1455;0,4536;6,4746;0,319;1,029;2,0176;0,1913;3,3621;3,7861;21,193;3,6216;1,0824;4,1108;0,0988;1,0069;3,9067;3,4105;1,7751;2,145;4,2944;0,001;6,306;0,1618;2,7835;2,1742;4,4114;0,075;0,4915;1,3809;0,0742;4,2862;18,8301;1,1025;0,054;0,7965;0,5612;10,6158;7,8891;0,0852;10,663;6,6233;10,2632;8,6852;4,1344;0,6216;1,6053;1,0491;0,8917;11,6218;0,4614;8,8094;0,5108;4,0149;5,0558;0,821;0,93;11,5249;36,9807;5,3288;11,0226;0,0809;0,665;10,844;0,1936;0,3197;10,6625;0,5331;0,0555;0,8629;0,0832;5,8423;0,7545;0,0679;0,7548;3,9065;0,3757;4,8102;7,9019;7,2718;6,5969;0,6607;2,6559;2,7233;0,0639;2,1671;7,4235;0,229;2,6215;0,4243;8,0419;2,1411;NA;2,7803;1,0002;0,665;0,7548;6,5911;1,8054;2,8353;1,0433;0,0893;0,0459;7,7505;3,2186;1,4618;19,2169;4,3077;1,3138;5,1585;0,4257;0,4103;3,781;0,6861;0,6005;6,0089;0,2453;1,408
0,069;1,0735;0,6124;7,0151;3,2205;30,5239;3,4629;0,7821;4,0116;16,5056;8,1543;3,5025;0,0354;11,7608;0,1564;0,0593;0,1404;6,6126;22,3625;6,7884;1,0722;5,7729;1,7156;1,0376;1,5804;4,0336;15,7742;0,3721;1,8456;0,0505;15,5926;7,6002;6,2233;3,0721;2,5219;0,2734;0,3506;0,0487;0,9627;1,601;0,1618;0,3325;1,239;4,1716;2,2986;7,0564;12,2867;11,04;0,4654;1,1566;13,9348;1,5888;2,6262;2,1746;1,4448;3,0474;7,1949;7,8351;2,0382;1,4606;8,2277;0,3843;5,7686;12,1504;0,0484;8,1722;0,9304;12,2098;0,9667;6,1566;1,0877;5,0495;9,3778;1,4159;0,2292;0,1601;0,172;0,1578;2,0427;7,8001;1,8122;0,5875;2,0967;11,658;0,6526;0,1588;3,3486;0,1364;5,6686;2,514;2,0906;0,468;0,9568;1,1755;0,2189;0,7872;9,5725;4,4662;4,5695;8,4413;8,5611;7,2485;3,569;3,0095;9,4203;9,8464;0,2524;1,2467;0,1368;0,3622;3,4805;8,547;20,918;2,0526;0,1546;3,5;0,1996;9,4252;2,2082;2,2655;0,1519;0,4253;6,7013;0,4552;1,0547;2,0012;0,1892;3,3331;3,951;21,0996;3,6667;1,0549;3,5287;0,0915;1,0612;3,9573;3,5234;1,7463;2,1314;5,0446;0;6,1068;0,1683;2,799;2,5368;3,6868;0,0721;0,5064;1,4198;0,0718;4,7677;19,1835;1,1636;0,0601;0,9033;0,586;11,1793;7,8971;0,086;9,6665;6,8087;10,5028;8,7694;4,3143;0,6254;1,5911;1,1266;0,9475;11,279;0,466;9,1994;0,5363;3,7265;4,843;0,7895;0,9546;11,7308;39,5643;5,4914;10,8071;0,0715;0,6839;11,2131;0,1806;0,3313;10,4939;0,5439;0,0713;0,7573;0,0763;6,7802;0,7856;0,0681;0,7859;4,0548;0,3692;4,754;7,848;7,6887;7,1994;0,4725;3,1407;2,8568;0,0625;2,1602;7,2436;0,3059;2,9016;0,3711;7,1168;2,2463;NA;2,7964;0,7984;0,6839;0,7859;6,9969;1,8366;3,0739;1,0405;0,0986;0,0494;6,7788;3,3338;1,6891;19,5754;4,2885;1,3125;5,3978;0,4674;0,5151;3,8045;0,7357;0,6539;6,1375;0,1977;1,3294
0,0618;1,0867;0,4669;7,2663;3,2995;29,6564;3,5213;1,021;4,072;16,7101;8,0597;3,3796;0,0354;11,4554;0,1941;0,0633;0,1554;6,3751;22,0948;6,0289;2,0975;5,8483;2,1187;1,1207;1,6692;4,4069;16,6978;0,3474;1,8958;0,0492;15,944;7,3779;6,0305;3,4634;2,5479;0,3241;0,3486;0,0515;1,1255;1,7213;0,1584;0,3483;1,2007;4,2746;2,4959;7,0197;12,1107;10,6376;0,4942;1,4476;12,0435;1,7791;2,5251;2,2083;1,4855;3,0779;6,8115;7,5593;2,0813;1,509;8,1202;0,3622;6,2061;11,9826;0,05;7,9982;0,9545;11,7942;0,9322;5,9875;1,0832;4,7126;8,9886;1,269;0,2354;0,1645;0,1746;0,1721;2,7247;7,8565;1,8949;0,6071;2,2775;11,8062;0,6575;0,1652;3,7641;0,1605;5,5381;2,5113;2,0842;0,4658;0,9381;1,2763;0,2247;0,8174;9,79;4,5425;5,3249;7,9298;8,7337;7,3039;3,6008;3,0357;9,3024;8,6237;0,2341;1,2116;0,1435;0,3558;3,665;9,0059;21,1755;2,1454;0,1611;3,9269;0,1888;8,6081;2,2515;2,3703;0,1583;0,4023;6,9248;0,4515;1,0546;1,9968;0,1926;3,2842;3,8936;19,6448;3,5062;1,0914;3,2625;0,0961;1,2638;4,0576;3,6753;1,7189;2,1301;4,502;0,001;6,4526;0,1649;2,8952;2,7399;3,5772;0,0781;0,4951;1,4108;0,0732;4,9894;19,8999;1,1634;0,0591;0,8669;0,6168;10,6536;8,2948;0,0942;9,6497;7,3229;10,6483;8,9153;4,5161;0,6323;1,6407;1,1023;1,0285;10,9308;0,4838;8,9168;0,5661;3,2727;5,0381;0,853;0,9354;11,8939;46,1141;5,0372;10,07;0,0665;0,7087;11,0375;0,2143;0,3546;10,0526;0,5289;0,0522;0,9105;0,0711;7,4126;0,7921;0,0805;0,7925;4,2198;0,3632;4,7032;7,8521;7,9206;6,4865;0,5955;3,6214;2,7854;0,0631;2,1985;6,8743;0,1655;2,9176;0,4103;6,9895;2,3487;NA;2,8933;0,8941;0,7087;0,7925;7,3511;1,8707;3,1566;1,0384;0,0909;0,0507;6,4876;3,3151;1,7134;20,3309;4,2561;1,4001;5,5383;0,537;0,5032;3,8147;0,7281;0,65;6,3825;0,2507;1,2172
0,0562;1,0913;0,5722;7,517;3,2427;28,5677;3,6616;1,0708;4,4094;17,6605;8,1073;3,3477;0,0365;11,7034;0,1838;0,0679;0,1548;6,1138;23,034;7,4826;2,6148;5,6851;2,0008;1,0462;1,699;4,8171;14,1183;0,359;2,2226;0,0647;16,0765;6,95;6,2236;3,4681;2,6058;0,3146;0,3521;0,0506;1,1374;1,6983;0,1744;0,3635;1,3136;4,4738;2,457;7,2267;11,5519;10,5458;0,5612;1,5956;11,2571;2,0067;2,4946;2,2282;1,5017;3,0402;6,8017;7,547;2,0058;1,5831;8,2352;0,2626;6,3699;11,7159;0,0512;7,9697;0,8807;11,1128;0,8969;6,3315;1,0798;5,2817;8,9934;1,1759;0,3259;0,1702;0,177;0,1436;3,1283;8,1274;2,0716;0,7505;2,3127;11,723;0,7419;0,1695;4,0886;0,1625;5,5861;2,4992;2,0719;0,4711;0,9376;1,2639;0,2324;0,8187;10,3483;4,6799;3,9812;7,8454;8,625;7,4924;3,7725;3,0179;8,9423;9,013;0,2457;1,2665;0,1611;0,3496;4,0696;9,393;23,1542;2,207;0,162;3,8911;0,1857;8,412;2,4864;2,4296;0,1598;0,3838;7,1451;0,4638;1,0761;1,9916;0,1964;3,2855;4,1444;17,8243;3,3734;1,1021;2,947;0,1069;1,1322;3,9882;3,853;1,881;2,1276;4,9016;NA;6,1513;0,1777;2,7702;2,8963;3,5549;0,0733;0,4862;1,5425;0,0699;4,8458;19,8561;1,1636;0,0617;0,7601;0,7076;10,6149;8,5502;0,0979;9,6367;7,1245;10,573;8,5624;4,5947;0,62;1,9825;1,0446;0,9963;10,609;0,5157;8,2354;0,4844;2,9579;5,4723;0,8673;0,9311;11,8203;45,6113;4,4226;10,0763;0,0644;0,7083;11,425;0,1906;0,3887;9,4342;0,539;0,0562;0,9635;0,0645;7,4276;0,7784;0,0684;0,7787;4,3202;0,3577;4,6129;7,6802;7,8218;6,5936;0,6168;3,6781;2,8793;0,061;2,2228;6,7774;0,2538;2,5393;0,4499;7,1849;2,4085;NA;2,7685;0,8881;0,7083;0,7787;7,5005;1,9283;3,1119;1,038;0,0824;0,0559;6,168;3,2986;1,7715;20,2663;4,8339;1,6643;5,5012;0,5895;0,4369;3,7817;0,8316;0,6804;6,4662;0,2315;1,2184
0,042;1,1096;0,9554;7,7679;3,2126;27,6605;3,6698;0,97;4,4703;17,739;7,8888;3,2721;0,0372;11,2953;0,1974;0,0772;0,1587;5,3979;22,3223;7,2438;2,5331;5,4803;1,7617;0,974;1,7348;4,9211;13,5455;0,3503;2,2819;0,0657;16,2585;6,5773;6,2332;3,5865;2,5174;0,4178;0,3259;0,0497;1,321;1,4358;0,19;0,4226;1,2893;4,471;2,5293;7,3744;10,886;10,1533;0,5421;1,6012;10,6599;2,115;2,5542;2,1793;1,5212;3,0263;6,7891;7,4715;1,7411;1,6214;8,1611;0,2758;6,8909;10,9981;0,0489;7,8223;0,8277;10,9399;0,9108;6,1962;1,1669;4,8599;8,9081;1,0873;0,3431;0,1749;0,1862;0,1575;4,9311;8,1214;2,0595;0,725;2,2955;11,7183;0,7333;0,1707;4,1041;0,1681;5,6566;2,4651;2,0414;0,4732;0,9389;1,3246;0,2346;0,8662;10,6451;4,5853;3,0524;7,6429;8,6498;7,6078;3,844;2,9551;9,2025;8,2159;0,25;0,9896;0,1605;0,3437;4,0156;7,9196;24,3631;2,1615;0,1648;4,0094;0,1434;8,5449;2,4644;2,3797;0,1652;0,3914;7,052;0,509;1,0657;1,9684;0,1956;3,2273;3,4759;18,3983;3,1584;1,1428;2,508;0,1062;1,5461;4,0508;3,6869;1,8576;2,1036;4,5064;NA;6,2181;0,1934;2,8152;1,9967;3,5454;0,0709;0,4961;1,8719;0,072;5,1165;19,7262;1,1134;0,0579;0,727;0,701;10,2105;8,8975;0,1292;8,668;7,46;10,5368;9,5045;4,6455;0,6598;1,7023;1,1073;0,9388;10,3199;0,4886;7,9922;0,4415;2,6468;6,0884;0,8496;0,942;11,8296;47,285;3,782;10,3503;0,0662;0,7495;11,4005;0,2071;0,4178;9,5485;0,5486;0,0447;0,947;0,0596;5,3061;0,74;0,0718;0,7404;4,3569;0,3526;4,57;7,5352;7,5187;6,4643;0,6677;3,8552;2,7589;0,0614;2,1703;6,7125;0,3513;2,623;0,4104;8,3735;2,356;NA;2,8137;1,0786;0,7495;0,7404;7,4601;2,0086;3,049;1,0373;0,0752;0,0554;6,1547;3,3153;2,0677;20,1011;4,7915;1,6667;5,2347;0,5941;0,4802;3,7478;0,8232;0,7076;6,0048;0,1829;1,3502
0,0389;0,9882;1,0262;7,8672;3,2717;25,8691;3,568;1,1236;4,3968;17,8387;7,9298;3,4403;0,0412;11,4396;0,2029;0,0791;0,1676;5,3145;22,3209;6,8612;3,3402;5,3048;1,8718;0,9555;1,7835;4,6853;14,1349;0,3576;2,3335;0,0638;16,7576;6,5379;6,0841;3,2843;2,6504;0,3863;0,3452;0,0443;1,3127;1,4877;0,1863;0,4801;1,244;4,3648;2,5527;7,5192;12,0107;10,0993;0,4986;1,9021;9,8509;2,186;2,6012;2,277;1,5501;3,1507;6,9685;7,5542;1,7463;1,6671;8,1925;0,2675;7,2301;10,6801;0,0531;7,8315;0,8674;10,6449;0,973;6,1246;1,1655;4,7764;9,0146;1,1699;0,2919;0,1787;0,167;0,1219;3,241;8,7416;1,9547;0,8128;2,1869;11,9218;0,7496;0,1677;4,0373;0,1758;5,3501;2,5302;2,0898;0,4804;0,9595;1,311;0,2339;0,8851;11,1769;5,0153;3,558;7,9302;9,0634;7,6622;3,8512;3,2178;9,3234;8,0726;0,2697;0,9534;0,1617;0,3377;4,1794;8,6209;25,7584;2,213;0,1657;3,6268;0,1485;8,6754;2,4451;2,4232;0,1654;0,3983;6,6614;0,5821;1,1021;2,0214;0,1951;3,3336;3,0033;19,6195;2,9271;1,1515;2,2943;0,1017;1,6283;4,149;3,8742;1,8442;2,1623;4,323;0,1255;5,4603;0,2073;2,8941;2,5126;3,672;0,0805;0,4712;2,0474;0,0632;5,4199;20,1084;1,0664;0,0576;0,7914;0,7359;10,1786;7,6353;0,1311;8,673;7,6341;10,7303;10,7113;4,5497;0,6372;1,759;1,0741;0,9249;10,6458;0,5138;7,7308;0,4735;2,8693;5,9923;0,687;0,9628;12,0498;44,3697;3,9665;10,6677;0,0666;0,763;11,5866;0,2164;0,4184;10,4571;0,5582;0,072;0,9449;0,0562;5,8526;0,7411;0,0752;0,7414;4,2674;0,3479;3,0898;7,0648;7,3105;6,0053;0,6696;3,5745;2,7226;0,0351;2,2667;6,8502;0,2536;2,6082;0,3507;8,4283;2,4;NA;2,8927;0,9746;0,763;0,7414;7,6565;2,0923;3,3753;1,0376;0,0856;0,0541;6,0472;3,2342;1,6585;20,4698;5,0226;1,4058;5,384;0,6482;0,4686;3,8158;0,8152;0,7762;6,0808;0,183;1,1576
0,0371;0,9421;1,0555;7,6674;3,3766;28,1397;3,342;1,149;4,5923;17,9323;8,4441;3,2548;0,0309;11,5043;0,2413;0,0792;0,1958;5,7672;22,4442;6,7349;3,2801;5,2253;2,1362;0,9204;1,7921;4,9364;13,8225;0,3813;2,1965;0,065;16,3316;6,6979;6,2449;3,1197;2,7748;0,3763;0,333;0,0335;1,388;1,4795;0,2008;0,5151;1,3372;4,5995;2,4661;7,2448;12,0118;10,2936;0,4964;2,2009;10,1236;2,1894;2,5208;2,378;1,5587;3,2412;6,9333;7,6113;1,8878;1,6058;8,3069;0,2843;7,2163;11,0798;0,0638;7,954;0,883;11,7752;1,2362;6,1389;1,1637;4,7681;9,223;0,8768;0,3075;0,1859;0,2095;0,1193;4,727;8,8942;2,1309;0,8263;2,1584;11,9147;0,8482;0,1716;4,4655;0,188;5,5244;2,5774;2,1229;0,4839;0,9557;1,3913;0,2404;0,8837;11,5926;5,1942;3,8367;7,5798;8,9998;7,6626;3,8394;3,1472;9,2048;7,904;0,2393;0,8028;0,1743;0,3314;4,5666;9,7145;26,7062;2,1837;0,1812;3,8481;0,1509;8,4251;2,6153;2,399;0,1726;0,4021;6,2919;0,5737;1,1111;2,0546;0,2001;3,4276;3,2125;20,6557;3,1491;1,2537;2,4056;0,0999;1,6706;4,2664;3,8114;2,0216;2,1998;4,3835;0,139;6,3354;0,1815;2,9801;2,7495;3,6278;0,0774;0,5069;2,1483;0,0591;5,499;19,7972;1,3251;0,0557;0,8081;0,7568;10,4149;7,6921;0,1386;7,7198;8,1484;10,6662;11,8038;4,6162;0,6271;2,032;0,9824;0,8851;11,0954;0,5949;7,677;0,4901;3,0736;5,9232;0,6927;1,0803;12,0342;42,2049;4,3028;10,7358;0,0681;0,7634;11,5046;0,2319;0,4488;10,1571;0,5677;0,0906;0,9803;0,0562;5,9973;0,787;0,0829;0,7873;4,3746;0,3419;3,1186;7,1725;7,7207;5,9016;0,5858;3,9408;2,674;0,0398;2,3678;6,8399;0,2293;2,7205;0,3355;8,44;2,377;NA;2,9789;0,872;0,7634;0,7873;8,6809;2,1581;3,0392;1,0394;0,0884;0,0525;6,1762;3,3605;1,4996;20,1715;5,0352;1,7599;5,4582;0,7106;0,4568;3,8298;0,8624;0,8068;6,7868;0,1805;1,167
0,049;0,8957;1,2324;7,4807;3,4157;27,2866;3,1007;1,0048;5,0521;18,126;8,5833;3,2036;0,0316;10,728;0,2933;0,076;0,2045;5,5632;23,0114;7,1856;3,468;5,2546;2,0314;0,9325;1,7607;5,1416;13,2964;0,3877;2,245;0,0636;16,7203;6,6023;5,981;3,1299;2,9757;0,3868;0,3224;0,0313;1,303;1,4033;0,1968;0,5917;1,339;4,7363;2,3653;7,3;11,6241;10,103;0,5069;1,7579;10,015;2,374;2,6056;2,5251;1,5784;3,3869;7,0231;7,6113;1,8492;1,7391;8,2811;0,2669;7,5486;10,8384;0,0643;7,9165;0,8436;12,1986;1,0354;6,002;1,3399;4,4421;8,9403;0,744;0,3579;0,19;0,1971;0,1167;6,1396;8,8607;2,2175;0,8619;2,1307;11,7578;0,8675;0,175;4,7139;0,2113;5,4732;2,647;2,1701;0,4731;0,9169;1,3885;0,2443;0,8972;11,1726;5,3104;3,4721;7,7907;9,2968;7,7721;3,8852;3,1978;9,4676;8,8203;0,2264;0,9959;0,1759;0,4329;4,9715;9,9542;27,152;2,1524;0,198;3,7871;0,147;8,4343;2,6576;2,376;0,1747;0,3871;6,5295;0,5975;1,1256;2,1028;0,2053;3,5607;3,2587;22,0093;3,1816;1,2788;2,4662;0,0651;2,1212;4,3387;3,8249;2,202;2,2561;4,1432;0,1171;5,859;0,1786;2,9904;2,9025;3,8483;0,084;0,5493;2,1667;0,0577;5,649;19,1802;1,1279;0,0562;0,7118;0,772;10,3679;7,5736;0,1101;7,7287;7,9878;10,5003;12,4685;4,7825;0,6268;1,7334;1,0145;0,8805;11,0826;0,6126;7,5155;0,4529;3,1638;6,2958;0,715;1,0039;11,8619;45,5702;4,3138;10,7727;0,0669;0,7738;12,034;0,2796;0,4499;9,8876;0,5768;0,0973;0,9881;0,0606;6,4803;0,7709;0,1002;0,7713;4,5185;0,4004;2,2596;7,0803;7,7813;6,0527;0,59;4,1805;2,5792;0,0453;2,5188;6,9075;0,2537;2,8688;0,3256;8,8126;2,3552;0,1869;2,9894;0,9634;0,7738;0,7713;9,4208;2,1507;3,1537;1,0407;0,0982;0,0583;6,3055;3,4367;1,3701;19,4455;5,1397;2,0273;5,5564;0,8246;0,3958;3,8308;0,9109;0,8395;6,9515;0,1827;1,0422
0,0539;0,9247;1,339;7,1712;3,4437;27,2247;3,3351;1,1349;5,2514;17,8786;9,1683;3,4697;0,0233;11,1313;0,3186;0,0798;0,2097;6,1644;23,0515;7,0312;3,5542;5,3793;1,9318;1,0025;1,7019;5,1589;15,5912;0,4097;2,1458;0,0571;17,2083;6,9015;6,1098;3,1654;3,4274;0,2931;0,3186;0,0319;0,8285;1,3666;0,2456;0,6457;1,3847;5,1915;2,2886;7,8273;12,0434;10,1387;0,5084;2,0455;10,9877;2,0998;2,7511;2,8577;1,6155;3,6927;7,3112;7,8356;1,854;1,7399;8,4117;0,26;7,5534;12,3585;0,0686;8,0988;0,8321;13,756;1,2233;6,0509;1,2501;4,6721;9,1041;0,7996;0,3347;0,1938;0,1915;0,1444;6,3443;9,1709;2,2991;0,849;2,13;11,8948;0,9345;0,1777;5,0216;0,2054;5,7446;2,8313;2,3081;0,472;0,901;1,4967;0,2511;0,9055;11,0321;5,4936;3,0027;7,7024;9,407;8,0645;3,9947;3,2079;9,5128;9,8021;0,1934;1,1084;0,1861;0,4242;4,9536;9,7178;27,6564;2,169;0,2021;3,8648;0,1556;8,8261;2,7599;2,3839;0,1857;0,3926;6,7647;0,6455;1,135;2,2413;0,2057;3,8864;3,2882;22,6734;3,3174;1,2558;2,6764;0,0875;1,7832;4,4143;3,9509;2,0186;2,4094;4,5096;0,1134;6,5482;0,2236;3,0254;3,0869;3,6997;0,099;0,5133;2,2664;0,062;5,8405;19,2831;1,1851;0,0589;0,7587;0,8566;10,4997;8,1426;0,1176;6,7672;8,2936;10,6079;13,0367;5,0565;0,6332;1,7381;0,9832;0,8877;11,0664;0,6698;7,793;0,4419;3,012;5,7865;0,736;1,0901;12,0086;46,4113;4,5489;11,1304;0,0642;0,7813;12,3032;0,2813;0,4303;9,2738;0,5854;0,1028;1,0802;0,0594;6,9714;0,794;0,1073;0,7944;4,8192;0,4552;2,4415;7,1333;7,7215;6,1619;0,595;4,1072;2,52;0,0489;2,8552;7,1932;0,3376;2,9629;0,3267;9,7395;2,3647;0,1834;3,0246;1,1493;0,7813;0,7944;11,4144;2,1091;3,2775;1,0343;0,1007;0,0596;6,9067;3,5596;1,3564;19,5065;4,7681;2,0335;5,2661;0,8702;0,4342;3,9574;0,907;0,8184;7,3401;0,1919;0,843
0,0437;0,9296;1,4041;7,2791;3,5518;27,5484;3,6562;1,2265;5,0671;18,3522;9,2756;3,4082;0,0211;10,9412;0,3357;0,0788;0,22;6,1255;21,513;6,5581;3,7583;5,7594;1,6169;1,0297;1,7785;5,0651;14,1485;0,4462;2,1355;0,0559;16,7943;6,9127;6,1275;3,4318;3,9541;0,295;0,3046;0,0376;0,9432;1,3472;0,2581;0,6782;1,3967;5,2527;2,2592;7,6373;12,1054;9,9504;0,4888;2,3332;9,9417;1,9108;2,7527;3,2421;1,674;4,0565;7,3005;7,8196;1,9343;1,7511;8,4065;0,2461;7,8179;12,4913;0,0708;8,0807;0,8318;12,9453;1,6961;6,0238;1,4311;4,2975;9,0532;0,8581;0,3049;0,1975;0,1985;0,1485;7,5028;9,1135;2,1001;0,8477;2,1961;11,9473;1,0239;0,1822;4,9017;0,1864;5,5753;3,0333;2,4617;0,4818;0,9182;1,5103;0,2573;0,9555;10,9796;5,7357;3,1627;7,9432;9,276;8,1893;3,9677;3,3584;9,4696;10,5262;0,2138;1,0892;0,1828;0,5196;5,1524;9,7239;28,7488;2,2356;0,2098;3,9084;0,1793;8,5203;2,7399;2,4584;0,191;0,3951;6,7055;0,6638;1,1643;2,3964;0,2166;4,2478;3,5267;25,4532;3,367;1,3648;2,6864;0,0904;2,4823;4,5693;3,9838;2,3882;2,5813;4,3492;0,1161;6,4795;0,2144;3,1539;3,326;3,7668;0,097;0,5566;2,2686;0,062;6,2475;19,3245;1,2272;0,0591;0,7219;0,841;10,5713;8,1317;0,1081;6,7731;8,0343;10,6344;12,6617;5,1251;0,6953;1,7297;1,12;0,8881;11,5537;0,7866;7,9055;0,4478;3,0587;5,9263;0,733;1,314;12,0305;47,6513;4,4449;11,1127;0,0637;0,8265;12,674;0,3063;0,5038;9,5088;0,6571;0,0958;1,1068;0,0573;7,5504;0,8148;0,1298;0,8152;4,897;0,4439;2,7224;6,9672;7,8617;5,9587;0,5911;4,6075;2,5636;0,0468;3,2439;7,1884;0,3198;3,2183;0,3823;10,2432;2,4412;0,2114;3,1533;1,2377;0,8265;0,8152;11,828;2,1842;3,3134;1,0213;0,1324;0,06;6,4727;3,8708;1,6477;19,5976;4,8267;2,2201;5,3232;1,0333;0,3295;4,0852;1,0102;0,9263;7,8258;0,1886;0,8034
0,0635;0,8128;1,3382;7,2658;3,7076;27,204;3,7366;1,4636;5,1334;18,3423;9,2661;3,5797;0,0203;10,5558;0,3559;0,0764;0,2321;6,2659;22,9399;6,0666;3,9641;5,8755;1,6763;1,0717;1,7757;5,2695;13,6072;0,4824;2,2612;0,0523;17,0275;6,9182;6,165;3,4602;4,4677;0,31;0,2906;0,0354;0,9935;1,3652;0,2531;0,8928;1,4528;5,4465;2,3404;7,6177;11,7508;9,7294;0,5175;2,3298;9,263;2,0393;2,858;3,6019;1,7168;4,3844;7,3337;7,7886;2,0494;1,864;8,3374;0,2119;8,0292;12,718;0,0652;8,0077;0,8526;10,5717;1,4744;6,0242;1,4358;4,1554;8,9555;1,0865;0,3129;0,2002;0,1988;0,1522;9,6215;9,2789;2,2675;0,8905;1,9481;11,9067;0,9214;0,1859;4,9766;0,1866;5,5437;3,2151;2,5975;0,4856;0,896;1,4954;0,2747;0,9843;11,2142;6,0476;2,9663;7,7173;8,8036;8,1738;3,9449;3,4991;9,492;11,1712;0,2321;1,0266;0,2008;0,7131;4,7084;10,1058;31,274;2,2737;0,2153;3,7217;0,2051;9,0768;2,6604;2,5092;0,196;0,4235;6,6468;0,7153;1,1984;2,5339;0,2175;4,5901;3,8615;25,6042;3,4438;1,432;2,8314;0,091;2,3451;4,7711;4,0988;2,5765;2,7321;4,5315;0,1252;6,5126;0,2246;3,3306;3,2559;4,3216;0,0846;0,5013;2,4099;0,0596;6,4582;19,2317;1,2889;0,0549;0,7027;0,7956;10,2899;7,8624;0,1214;6,7843;8,2803;10,5887;12,3291;5,3386;0,6978;2,1537;1,1117;0,8888;13,1108;0,7586;7,8959;0,4403;3,1033;6,2333;0,6756;1,2656;11,9658;45,4101;4,4424;11,2318;0,0609;0,8504;12,923;0,3554;0,5167;8,6503;0,7047;0,0792;1,1329;0,0554;6,8125;0,7998;0,1188;0,8002;5,0896;0,4948;3,2738;7,1694;7,9581;5,5606;0,6157;4,5862;3,0791;0,048;3,6069;7,2175;0,3064;3,3085;0,3565;10,3545;2,491;0,2166;3,3302;1,2307;0,8504;0,8002;12,8481;2,2111;3,4204;1,0089;0,1435;0,0723;6,2713;4,2202;1,6337;19,4693;4,555;2,2313;5,5263;1,111;0,3216;4,1838;1,1133;0,9468;7,7044;0,198;0,8597
0,0692;0,8213;1,34;6,8561;3,8083;24,8135;3,9238;1,4836;5,4391;18,3605;8,9616;3,5936;0,0235;10,3006;0,413;0,0866;0,2517;6,4399;23,1621;5,9547;4,4134;6,1552;1,7664;1,1768;1,7775;5,4359;20,1712;0,4753;2,1206;0,0536;16,5953;7,1033;6,077;3,4987;4,9103;0,2939;0,2867;0,0391;1,1735;1,3488;0,2812;1,0022;1,4983;5,9744;2,3782;7,5798;11,7786;9,8864;0,5077;2,473;10,691;2,1941;2,9852;3,9095;1,7811;4,6593;7,6198;7,9029;2,1508;2,0515;8,2492;0,1805;7,6982;11,8651;0,0678;8,002;0,8236;12,7263;1,5627;5,8394;1,4422;3,6206;8,9086;1,2112;0,3684;0,2036;0,2104;0,1556;10,3488;9,1376;2,3426;0,8718;1,7538;11,7678;1,029;0,1967;5,0126;0,1856;5,5067;3,3997;2,7351;0,4933;0,8984;1,5724;0,2852;1,0365;11,0586;6,4231;2,87;7,67;9,12;8,0258;4,4838;3,3199;9,3037;12,1047;0,2519;1,0195;0,2196;0,6994;4,9068;9,9825;30,6464;2,3201;0,2758;3,4387;0,1997;8,8593;2,8834;2,5558;0,2033;0,4302;6,5923;0,6296;1,2207;2,6708;0,2175;4,9101;3,9818;24,797;3,6964;1,4595;2,7699;0,0848;2,7672;4,9324;4,1942;2,5826;2,8849;4,5191;0,1387;6,5382;0,2073;3,4285;3,5446;4,8116;0,0897;0,5615;2,6742;0,0595;6,5675;18,7171;1,2736;0,0522;0,615;0,8228;10,0146;7,9817;0,0988;4,8572;8,1896;10,4567;15,3047;5,6048;0,744;2,2235;1,0866;0,7903;12,7427;0,7126;8,2349;0,4214;3,2194;5,7449;0,7137;1,273;11,7939;43,1206;4,6835;11,5684;0,0593;0,8952;13,2152;0,4253;0,4945;8,4451;0,6891;0,1016;1,1998;0,0538;7,1523;0,7791;0,1245;0,7795;5,3947;0,4827;2,9309;7,0481;8,1171;5,3852;0,6031;4,6099;3,0985;0,0492;3,9179;7,5045;0,2673;3,3155;0,3812;10,4804;2,5372;0,2011;3,4284;1,4126;0,8952;0,7795;14,5688;2,2798;3,7511;0,997;0,1492;0,0834;6,4972;4,5399;1,9053;18,9459;4,8082;2,2436;5,4435;1,1301;0,314;4,2657;1,0561;0,9901;7,6738;0,1821;0,7972
0,0683;0,8116;1,3939;6,9082;3,8611;22,4482;4,0829;1,7308;5,6087;18,5211;8,5878;3,2198;0,0227;9,8431;0,4625;0,0955;0,2636;6,9712;22,1041;5,9273;4,7132;6,0297;1,7835;1,2439;1,848;5,4523;18,8516;0,4695;2,1963;0,0549;17,3806;7,1955;5,766;3,9144;5,3064;0,2856;0,3359;0,0391;1,2535;1,3665;0,1783;0,9114;1,7117;6,0409;2,4561;7,7383;12,0033;9,5276;0,5432;2,6172;9,7795;2,1942;3,0235;4,1884;1,8576;4,9412;7,7519;7,8746;2,1499;2,1177;8,0952;0,1743;7,8423;14,9029;0,0727;7,883;0,7806;12,3092;1,4147;5,6673;1,2693;3,1876;8,651;1,4585;0,3847;0,2074;0,2323;0,1586;9,0007;9,4411;2,5062;0,9208;2,1282;11,8196;1,0777;0,204;5,3083;0,2176;5,3551;3,5713;2,8605;0,4957;0,8816;1,6178;0,2975;1,1236;10,5389;6,7931;2,6744;7,6388;9,2756;7,8608;4,4498;3,2579;9,5708;12,8124;0,2463;1,2281;0,2669;0,5882;5,3175;10,0716;28,1637;2,3792;0,2864;3,1271;0,1762;8,1005;2,8654;2,6089;0,2111;0,4067;5,6899;0,6849;1,2644;2,7966;0,2218;5,1772;4,0881;23,1462;3,8767;1,484;2,832;0,0863;2,6759;5,0389;4,2208;2,5908;3,0292;4,7466;0,147;6,6876;0,2145;3,4964;3,4098;4,9968;0,1048;0,631;2,7428;0,0615;7,0108;18,8819;1,3025;0,055;0,547;0,8382;10,0447;8,0163;0,1007;3,896;7,8768;10,5103;16,2183;5,8469;0,804;2,1797;1,1822;0,8175;12,3929;0,7297;8,2208;0,3951;3,2572;5,5772;0,6655;1,1994;11,8506;40,4499;4,632;11,6113;0,0609;0,9692;13,4325;0,4476;0,5362;8,3446;0,6738;0,0842;1,2624;0,0558;6,9714;0,7759;0,139;0,7763;5,5817;0,471;2,6707;6,9196;8,0669;5,153;0,6089;4,7041;3,072;0,0466;4,2076;7,6189;0,248;3,3608;0,4549;11,6381;2,5891;0,1962;3,4964;1,2191;0,9692;0,7763;14,8029;2,3392;4,1007;0,9853;0,1417;0,0969;6,7113;4,8411;1,7575;19,0429;4,5623;2,4363;5,1731;1,2404;0,4817;4,3719;1,05;0,9979;7,9418;0,1597;0,7839
0,1347;0,8888;1,3843;7,1001;4,0621;22,329;4,1523;1,9072;5,7657;18,3037;8,4997;3,4747;0,0217;9,9842;0,4514;0,1119;0,2859;6,6786;22,2994;6,064;5,2645;6,3529;1,6357;1,3268;1,9392;6,5289;20,5685;0,4349;2,187;0,0381;16,5569;7,0558;5,8789;4,0807;5,4351;0,3196;0,3403;0,041;1,049;1,3644;0,1748;0,9406;1,6704;5,65;2,3722;7,7719;11,3928;9,6175;0,5323;2,617;9,1251;2,1611;3,1169;4,2797;1,8993;4,9948;7,8261;7,785;2,186;2,2306;7,8846;0,1497;7,0564;13,7612;0,0769;7,6812;0,8151;10,6636;1,0817;5,5606;1,2782;3,2938;8,3379;1,2576;0,356;0,2055;0,2362;0,1478;9,8294;9,064;2,5783;0,8181;2,1216;11,4887;1,0603;0,2088;5,0421;0,212;5,2808;3,6423;2,9079;0,4968;0,8747;1,5808;0,3025;1,1804;10,197;7,1093;3,0166;6,868;9,1274;7,5642;3,548;3,0168;9,0441;15,3407;0,2529;1,412;0,2912;0,5771;5,3016;10,3462;28,6088;2,4109;0,3341;3,8158;0,1427;8,5528;2,9067;2,6572;0,2187;0,423;6,2145;0,641;1,3237;2,8457;0,2306;5,3015;4,0835;22,5519;3,7248;1,5372;2,8409;0,0868;2,5825;5,2171;4,1897;2,4156;3,0855;4,6314;0,1429;6,6442;0,1621;3,5645;4,36;4,9243;0,1025;0,5876;2,7891;0,0691;7,3347;18,1113;1,4471;0,0556;0,5705;0,7912;10,0465;7,7325;0,1112;3,9051;8,0215;10,1689;15,5826;5,9601;0,7646;2,0885;1,3292;0,8235;10,9936;0,6669;8,0872;0,4223;2,6946;5,3835;0,7653;1,0038;11,4571;36,7243;4,6461;11,5956;0,0572;1,0101;14,204;0,4662;0,5424;7,939;0,6202;0,0854;1,1387;0,0542;6,7794;0,805;0,1405;0,8054;5,5759;0,5172;2,7344;6,8969;8,5885;5,0056;0,5781;4,83;3,0399;0,0487;4,2964;7,6716;0,2523;3,3802;0,415;11,6233;2,6389;0,2013;3,5649;1,2157;1,0101;0,8054;14,3739;2,3641;4,0267;0,9735;0,1418;0,0973;6,5113;5,1071;2,3231;18,2785;4,7204;2,2662;5,4096;1,3738;0,4274;4,3514;0,8864;1,0278;8,4393;0,1704;0,6056
0,1782;0,9397;1,4415;7,0411;4,0909;19,6456;3,8484;1,5214;16,4431;18,2231;7,7211;2,85;0,0207;9,2317;0,4819;0,1105;0,305;5,764;20,9589;16,7637;5,3098;6,0392;4,6472;1,3929;1,7993;16,8742;20,1634;0,4587;2,0449;0,0372;15,5021;6,524;5,6393;3,8881;5,7983;0,2916;0,3639;0,041;1,0661;1,3993;0,2179;0,9891;1,5779;6,8794;2,3912;7,4529;10,6445;8,9718;0,5216;7,2688;8,6781;2,0377;3,187;4,5074;1,9265;5,1806;7,1856;7,1673;2,3401;2,2654;7,27;0,1524;6,2009;11,2775;0,0753;7,0968;0,795;10,1482;1,0761;5,3118;1,1039;3,1448;7,4907;1,4734;0,4012;0,2115;0,2609;0,1506;9,3036;8,5297;7,1524;0,8464;2,1697;10,7618;0,975;0,2165;4,7176;0,2045;4,7732;3,6986;2,9398;0,4811;0,8241;1,6229;0,3045;1,2789;8,943;7,134;3,11;6,6248;8,7809;6,719;2,8945;3,047;8,5982;13,2736;0,2901;1,2557;0,3356;0,5661;14,8035;10,4969;27,7763;2,3158;0,4077;4,4232;0,1383;8,8677;8,0736;2,5784;0,2321;0,3831;5,8865;0,6107;1,348;2,8806;0,2638;5,4022;3,696;20,973;3,4366;1,5214;2,6665;0,08;2,6072;5,2613;4,0376;2,6123;3,1321;4,3254;0,167;6,0852;0,1528;3,6243;2,8304;5,1149;0,111;0,7073;2,7416;0,0685;6,4475;16,6819;1,4604;0,0673;0,4914;0,7607;9,7088;7,7515;0,1436;3,9089;7,2445;9,5056;16,1592;5,6684;0,7634;2,4443;1,4192;0,8209;10,6236;0,6835;7,7915;0,4188;2,9764;5,3273;0,8014;1,0237;10,6622;33,5781;3,9627;10,8321;0,0587;1,0862;14,2723;0,4698;0,5469;7,7854;0,6252;0,0831;1,0967;0,052;6,4023;0,7574;0,1398;0,7579;5,6094;0,5053;2,6852;6,2955;7,6042;4,6115;0,6393;5,1548;2,7809;0,0687;4,5362;7,064;0,4407;3,248;0,3227;10,112;2,5463;0,2159;3,625;1,3067;1,0862;0,7579;13,5884;2,345;3,9851;0,9608;0,1349;0,107;5,4637;5,2211;2,2936;16,8087;4,1966;8,1027;5,3866;1,5297;0,5424;4,2506;0,9318;1,0382;7,899;0,187;0,6112
0,2522;0,9759;1,5276;7,2708;4,2307;19,1929;4,0997;1,473;5,718;17,5901;8,365;2,6849;0,0329;9,7948;0,5113;0,1421;0,3409;6,0495;21,3983;5,5723;5,4683;6,5026;1,7386;1,4839;2,0266;5,6423;18,1036;0,567;1,6112;0,0365;15,7921;6,7708;5,7777;4,1019;6,3354;0,3007;0,3527;0,0389;1,1369;1,4182;0,2591;1,036;1,5382;5,5122;2,4897;6,9931;10,7166;9,4534;0,5657;2,618;8,6739;2,1154;3,1844;4,8995;1,9906;5,5862;7,5067;7,4101;2,4851;2,3118;7,4404;0,1588;5,8666;14,2699;0,0725;7,277;0,8379;11,6588;1,2815;5,3479;1,2052;3,3662;7,6863;1,4049;0,4375;0,2434;0,2271;0,1531;9,0907;7,8749;2,543;0,8023;2,3532;11,1406;0,9679;0,2291;4,5304;0,2499;4,788;3,9365;3,1164;0,4961;0,8449;1,7028;0,3162;1,338;8,8133;7,2964;3,4719;6,1627;9,2502;6,8368;2,736;2,9143;9,0301;14,0731;0,3044;1,1656;0,3579;0,463;5,063;10,6807;27,4245;2,4463;0,4554;4,1755;0,1816;9,1728;3,1006;2,7078;0,2466;0,3748;5,2886;0,6451;1,3791;3,0553;0,2719;5,8229;4,0681;21,7574;4,0619;1,5943;2,8997;0,0861;2,6551;5,3705;4,1132;2,6209;3,3296;4,2044;0,179;6,2484;0,1646;3,6251;4,1651;5,2951;0,1161;0,7019;2,9271;0,0605;6,972;17,2718;1,491;0,0823;0,5595;0,7702;10,2983;8,4696;0,1708;3,9059;7,1368;9,8236;16,3364;6;0,7232;2,5361;1,5395;0,8657;11,3269;0,662;8,247;0,4593;2,2521;4,8179;0,8737;1,0863;11,0405;35,3545;3,8337;11,3254;0,0582;1,1308;15,1683;0,4867;0,561;8,3538;0,6292;0,087;1,0697;0,0524;6,4596;0,7897;0,1349;0,7901;5,5902;0,549;3,1863;6,5715;7,7029;5,1322;0,591;4,9014;2,7349;0,1042;4,9352;7,3723;0,4002;3,4331;0,3214;11,2339;2,6878;0,2205;3,626;1,1175;1,1308;0,7901;15,2167;2,5259;4,0591;0,9479;0,1532;0,103;5,8626;5,3051;1,8731;17,4317;4,4198;2,2871;5,7148;1,7322;0,5296;4,4541;0,976;1,1057;8,213;0,1929;0,7477
0,3053;0,984;1,6694;6,9438;4,2296;19,3115;4,281;1,6866;6,2263;17,2954;8,1355;2,9739;0,0381;8,7405;0,4781;0,1482;0,3623;6,7553;21,4673;6,7998;6,3423;6,1881;2,0331;1,5977;2,1107;6,3887;18,2563;0,8271;1,8182;0,0402;15,9959;6,7881;5,2058;4,4528;6,9013;0,2838;0,333;0,0399;1,2213;1,5251;0,2239;1,0805;1,5876;5,7834;2,4419;6,6633;10,401;9,299;0,5124;2,6185;7,7371;2,1113;3,3054;5,2969;2,0366;5,9882;7,8769;7,4093;2,4347;2,2958;7,1884;0,1777;5,8704;13,688;0,0821;7,0748;0,807;10,2296;1,222;5,1288;1,0224;3,2609;7,0439;1,7357;0,4484;0,2489;0,2252;0,1492;8,728;7,6138;2,6976;0,8085;2,4589;10,903;1,0217;0,2381;4,4456;0,2712;4,7043;4,1624;3,28;0,4983;0,8463;1,9236;0,3186;1,3969;8,0086;7,1798;3,4913;5,9245;8,9907;6,6806;2,742;2,9198;9,493;14,8244;0,3056;1,3818;0,3678;0,4551;5,8847;11,6079;26,4932;2,527;0,4738;4,1982;0,2033;6,7791;3,4273;2,7873;0,2541;0,3359;4,9739;0,7559;1,4288;3,218;0,2797;6,2291;3,9133;21,0284;3,8355;1,7001;2,9154;0,098;2,6974;5,3718;4,191;2,643;3,5179;4,6246;0,1945;6,1739;0,1745;3,5785;4,0963;5,7326;0,141;0,698;2,9064;0,0614;6,9469;16,5462;1,5617;0,0816;0,5741;0,8027;9,5111;7,995;0,1907;3,8899;6,9092;9,5983;16,7204;6,1682;0,7135;2,7083;1,6429;0,8577;11,5132;0,661;8,1598;0,4676;2,091;4,7236;0,8932;1,0613;10,7807;37,7958;4,1722;11,885;0,0643;1,1778;15,3816;0,4625;0,5879;8,6367;0,6321;0,1119;1,1047;0,0516;7,0817;0,7666;0,125;0,767;5,7684;0,5375;3,5317;6,3204;7,6479;4,7179;0,5971;4,6889;2,5041;0,0893;5,345;7,6989;0,3734;3,3997;0,3288;12,209;2,7678;0,2246;3,5797;1,0222;1,1778;0,767;15,6758;2,3875;4,2835;0,9346;0,1764;0,1123;6,1992;5,7074;2,2638;16,6042;4,3842;2,4838;5,5004;1,7654;0,5173;4,5397;1,0186;1,0277;7,8039;0,2138;0,876
0,2652;0,9477;1,5032;6,9001;4,4266;20,2644;4,2642;1,9627;7,9841;17,022;7,7236;3,2391;0,0378;8,5775;0,4434;0,1718;0,3813;6,1622;22,1807;9,2917;5,9765;6,345;1,9878;1,6481;2,2714;7,6757;17,9523;0,8875;1,5675;0,0419;15,7345;6,5521;5,3171;4,5215;7,0462;0,3653;0,3271;0,044;1,1736;1,5224;0,2337;0,9928;1,5729;5,9345;2,5369;6,1389;10,0915;9,4513;0,5239;3,6291;6,8353;2,1613;3,6213;5,3994;2,1064;6,0979;7,7381;7,3041;2,3954;2,3068;7,0844;0,1906;5,7569;12,7694;0,0898;6,9302;0,8528;9,1264;1,1306;5,154;1,1123;3,0489;7,3435;1,9282;0,544;0,2299;0,2232;0,1513;8,227;7,2512;3,5372;0,8219;2,6883;10,7199;1,0509;0,2476;4,0796;0,2394;4,3779;4,2439;3,3302;0,4847;0,8008;1,9243;0,3215;1,4982;8,0726;7,2312;3,8093;5,7995;9,6151;6,3277;2,5219;3,3445;9,8223;14,5664;0,2779;1,7941;0,3835;0,5375;7,1239;11,9848;25,1306;2,5897;0,5024;4,5323;0,2193;9,8179;4,3322;2,8821;0,2607;0,3146;5,2048;0,825;1,4844;3,2683;0,3017;6,3289;3,9929;20,1339;3,7211;1,7414;2,8458;0,1193;2,9416;5,562;4,2024;2,6818;3,5803;4,391;0,1883;6,4758;0,2382;3,6824;3,7544;6,1382;0,1503;0,7508;2,97;0,061;6,9389;15,7866;1,6286;0,1053;0,5606;0,7777;9,3984;7,6695;0,2195;3,83;7,2843;9,4039;17,1259;6,262;0,7112;2,7857;1,6175;0,8791;12,259;0,6092;7,9696;0,481;1,4969;4,5859;0,8745;1,0242;10,5439;39,3984;4,0807;11,7021;0,0692;1,2552;15,9781;0,4494;0,563;8,2241;0,6165;0,1267;1,0988;0,0506;6,3605;0,7758;0,1327;0,7762;5,8676;0,6318;4,3719;5,9823;7,3499;4,4268;0,6118;4,8696;2,0805;0,1458;5,4479;7,5574;0,3234;3,6248;0,3796;12,6422;2,8592;0,2637;3,6839;1,0232;1,2552;0,7762;15,045;2,4869;4,3689;0,9213;0,2065;0,1103;6,0779;6,0836;2,5273;15,7898;3,7999;3,3308;6,1462;1,7415;0,4664;4,5457;1,0095;0,9009;8,0305;0,2733;0,9054
0,1899;1,0311;1,5336;6,7258;4,4041;21,0778;4,3421;1,8956;5,3109;16,4423;7,7537;3,2856;0,0384;8,6555;0,454;0,1775;0,3934;5,459;22,8665;7,2864;6,04;6,3527;1,3345;1,7443;2,4134;5,2011;17,5127;0,9192;2,4444;0,025;15,8385;6,311;5,3812;4,7402;7,3241;0,3868;0,349;0,0399;1,116;1,6623;0,2717;0,9445;1,6237;5,6783;2,55;5,51;9,6203;9,6242;0,5763;2,4702;7,1167;2,0961;3,6584;5,5768;2,1004;6,2583;7,5538;7,12;2,525;2,3564;6,9157;0,1942;5,2083;14,6586;0,1038;6,7398;0,8553;9,2278;1,2371;5,1295;1,2011;3,0438;7,0758;2,1088;0,5678;0,1972;0,2071;0,1473;7,3798;6,61;2,7363;0,8641;2,6491;10,7308;1,0457;0,2502;3,997;0,2583;4,1201;4,3177;3,3786;0,4855;0,8172;1,7686;0,3144;1,5277;7,7231;7,2308;3,9203;6,27;8,3132;5,7519;2,6685;3,093;9,9084;15,2628;0,3148;1,64;0,3827;0,5295;4,815;11,9586;23,9571;2,6354;0,6302;4,0924;0,2078;9,7925;2,9314;2,921;0,2747;0,2734;5,1622;0,7034;1,5285;3,3186;0,2941;6,5008;3,8307;18,6801;3,7016;1,7037;2,5109;0,1242;2,8199;5,5565;4,0561;2,7263;3,6445;3,9437;0,1894;5,5638;0,2685;3,6891;3,6542;6,4601;0,1663;0,692;3,035;0,0612;7,422;16,0863;1,7192;0,1056;0,6189;0,7305;9,3481;7,7762;0,2224;4,6755;7,179;9,3864;16,5091;6,3542;0,7113;2,6822;1,6562;0,9579;12,3561;0,6355;7,8417;0,5038;1,5461;4,4524;0,8825;1,0803;10,558;37,4208;3,6074;11,377;0,073;1,2751;15,9838;0,4229;0,5892;8,1327;0,6697;0,1493;1,0444;0,0506;6,4865;0,794;0,1306;0,7944;5,8945;0,6193;4,0607;6,0812;7,0633;4,2228;0,6706;4,6693;1,4282;0,1657;5,6329;7,3676;0,2463;3,7468;0,3933;12,6293;2,9004;0,396;3,6908;1,1206;1,2751;0,7944;15,4158;2,4645;4,155;0,9159;0,2195;0,1046;5,9414;6,1877;2,1768;16,1112;3,6987;2,1405;6,047;1,8201;0,4174;4,5813;1,0003;0,8012;8,1101;0,2783;0,9059
0,1492;1,0922;1,6683;6,4227;4,453;20,91;4,2091;1,8962;5,379;15,8304;7,2604;3,3812;0,0362;8,0417;0,4889;0,175;0,4093;5,8209;23,0945;6,476;5,4578;6,2973;1,3623;1,8696;2,5146;4,5767;16,9924;0,9506;3,0924;0,0271;15,8499;6,1194;4,8592;4,3286;7,2942;0,4001;0,37;0,0539;1,104;1,6967;0,2379;0,9156;1,6163;5,5841;2,3553;5,7859;9,2643;9,0885;0,4044;2,5947;6,3472;2,0861;3,8116;5,5811;2,1762;6,2271;7,2643;6,7719;2,6194;2,2903;6,5236;0,1956;5,1841;13,6473;0,1237;6,3949;0,845;8,4519;1,409;4,6161;1,289;3,0302;6,4332;2,2772;0,5352;0,1976;0,2375;0,1549;6,1072;6,3852;2,1191;0,9114;2,7426;10,5018;1,0364;0,2572;3,8316;0,29;4,118;4,3213;3,3753;0,4913;0,8203;1,8886;0,3219;1,6425;7,6282;7,4396;3,6477;6,2617;7,8776;5,3875;2,5821;2,951;9,5628;12,1024;0,3306;1,664;0,4569;0,5218;4,8128;11,89;22,7484;2,6394;0,6486;4,0084;0,2699;9,5117;2,9176;2,9054;0,2882;0,2748;4,3131;0,847;1,5369;3,3201;0,2911;6,4523;3,7035;17,3462;3,6514;1,7136;2,6979;0,1243;3,2874;5,6191;3,8924;2,9751;3,6501;3,7244;0,1926;5,4308;0,3336;3,7027;3,5702;6,2422;0,1866;0,7546;3,1326;0,0516;7,732;16,0242;1,761;0,111;0,6402;0,7667;8,8817;7,613;0,2596;4,5704;7,0785;9,1483;16,5591;6,4407;0,7406;2,7669;1,7517;1,0049;12,3623;0,6959;7,5169;0,5012;1,1051;4,4159;0,9244;1,1391;10,2771;36,8757;3,5934;11,2082;0,0756;1,3668;16,8252;0,4356;0,6134;8,1174;0,5692;0,161;1,0613;0,0488;5,4638;0,8038;0,1364;0,8043;5,9501;0,6076;4,5991;5,6176;6,358;4,0305;0,6662;5,1445;1,3257;0,165;5,6354;7,0903;0,2182;3,6706;0,5501;12,6078;2,8886;0,4473;3,7046;1,0316;1,3668;0,8043;15,1931;2,6205;4,3609;0,9175;0,2108;0,1131;5,2511;6,341;1,9165;16,0409;3,4096;2,5254;5,9364;1,9825;0,5928;4,5369;1,0409;1,0314;8,1844;0,298;0,8718
0,1763;1,1252;1,6038;6,5509;4,4726;21,8955;4,3019;1,8551;5,448;15,8633;7,3172;3,2925;0,0373;8,4379;0,504;0,1977;0,4574;6,2079;22,4499;5,6277;5,567;5,7943;1,8896;1,8719;2,3653;4,567;15,1861;1,036;3,015;0,0394;15,6486;6,2358;4,7196;4,6015;7,1464;0,4157;0,3676;0,0676;1,0496;1,7027;0,2602;0,9055;1,5403;5,4411;2,5759;5,7695;9,4007;9,0873;0,4571;2,5712;5,9295;2,267;3,9519;5,4984;2,1649;6,1402;7,0273;6,7054;2,5636;2,2922;6,6469;0,1946;5,5179;11,8138;0,1258;6,5135;0,7841;7,8145;1,5046;4,6778;1,2841;3,017;6,1594;2,4696;0,5466;0,2185;0,2352;0,1565;4,8776;6,2851;2,2693;1,0496;2,7549;10,4121;1,0684;0,2663;3,949;0,3105;4,4072;4,2424;3,3078;0,4903;0,806;1,8856;0,3281;1,6313;7,8818;7,5705;3,527;6,227;7,8925;5,5633;2,5372;2,6658;9,2766;10,8723;0,3673;1,7241;0,5468;0,5141;5,022;11,5887;22,7746;2,6137;1,3083;4,221;0,2732;8,2894;2,847;2,8586;0,2958;0,2429;4,2832;0,9709;1,6022;3,2529;0,3068;6,3551;3,8108;16,0287;3,7016;1,7419;2,8279;0,132;3,1452;5,5911;3,9253;3,0358;3,5836;3,5793;0,2015;3,7299;0,3698;3,6056;3,7932;5,8352;0,2056;0,9021;3,1364;0,0549;7,6134;15,5712;1,8399;0,1048;0,5857;0,8367;9,2923;7,6109;0,2604;5,3643;7,0031;9,0412;16,7304;6,2561;0,778;2,704;1,7762;1,0774;11,8017;0,7498;7,6101;0,4921;1,2429;4,8127;1,0311;1,1639;10,1036;35,1118;3,7001;11,052;0,0842;1,3689;17,2578;0,4902;0,6471;8,2078;0,506;0,1244;1,1234;0,0472;6,3971;0,7653;0,176;0,7658;5,7914;0,5966;4,7265;5,6695;6,3677;3,9993;0,6791;5,4593;1,3158;0,169;5,5546;6,9014;0,2449;3,7556;0,5748;12,7288;2,8372;0,4312;3,6075;1,1308;1,3689;0,7658;14,6078;2,6372;4,4144;0,9194;0,2225;0,1259;4,2315;6,2878;1,9513;15,56;3,1685;2,3478;5,3433;2,3934;0,5064;4,4559;1,1789;0,9884;7,6027;0,3053;0,8781
0,153;1,0208;1,5577;6,4792;4,4295;22,3565;4,2018;1,7691;5,521;15,9147;7,2888;3,304;0,0404;8,3149;0,5986;0,192;0,4655;5,8349;21,4945;5,1518;6,4177;5,823;1,7696;1,9542;2,1613;4,6295;16,3617;1,2404;2,8184;0,0428;15,4206;6,3652;4,7377;4,7827;7,1154;0,3961;0,3829;0,0411;1,1176;1,736;0,2948;0,985;1,6339;5,1285;2,3955;6,0273;9,6278;9,073;0,4105;2,5687;6,1662;2,3358;3,8402;5,4758;2,1688;6,116;7,0623;6,7006;2,4216;2,3155;6,6229;0,1961;5,3143;12,1524;0,1422;6,5208;0,7756;8,3162;1,6551;4,7047;1,3703;3,0774;5,804;2,5889;0,5437;0,2364;0,2287;0,169;4,7608;6,2036;2,334;1,105;3,2671;10,2738;1,001;0,2731;4,0437;0,3136;4,5089;4,216;3,2857;0,5144;0,8438;1,8427;0,3458;1,6399;8,1635;7,3258;3,6754;4,8593;7,6036;5,4982;2,701;2,4908;9,1897;11,3605;0,399;1,5955;0,7085;0,5907;5,0222;11,9147;22,6156;2,5298;2,2782;4,4435;0,2996;8,1102;2,8909;2,7602;0,3114;0,2534;3,9884;1,0343;1,5979;3,232;0,3218;6,3174;3,9048;15,2058;3,6488;1,7182;2,9038;0,1247;3,8745;5,5418;3,8949;3,7245;3,5642;3,5223;0,2497;2,9647;0,4213;3,588;3,4549;5,9976;0,2628;0,8046;3,1975;0,0643;7,4845;15,1794;1,7776;0,1009;0,5874;0,842;9,3093;7,4047;0,3736;5,2461;6,6163;8,9283;16,4004;6,2221;0,8482;2,6749;1,8264;1,1629;14,0323;0,8608;7,8957;0,4998;0,9937;4,7223;1,1458;1,3223;9,9608;33,493;3,6336;10,8874;0,0972;1,3864;16,7951;0,5366;0,6867;8,2215;0,5732;0,1241;1,1471;0,0462;6,605;0,7567;0,1563;0,7572;5,7231;0,6353;5,0735;5,8003;6,7311;3,9081;0,7352;6,1261;1,3889;0,1514;5,5293;6,9551;0,3002;3,705;0,698;12,4971;2,7407;0,49;3,5901;1,419;1,3864;0,7572;12,4615;2,5339;4,6235;0,9215;0,2059;0,1277;4,4809;6,158;1,9099;15,1499;3,3041;2,4537;4,9142;2,4023;0,6356;4,4072;1,4595;0,4752;7,535;0,3173;0,7625
0,1341;0,8028;1,7888;6,3654;4,3867;21,7284;4,0713;1,8829;5,4873;15,8232;7,4862;3,2433;0,0475;8,1511;0,5924;0,2153;0,4904;6,2013;20,9495;5,4383;6,593;5,9214;1,7081;1,9894;2,1893;4,2266;16,9426;1,2829;3,0518;0,044;15,5446;6,6126;4,5789;4,7402;7,231;0,425;0,3759;0,0297;1,0604;1,5509;0,3676;1,0443;1,654;4,9825;2,3147;6,0901;9,6116;8,8583;0,4038;2,4147;5,7468;2,2118;3,8491;5,5809;2,2249;6,2127;7,1771;6,745;2,3088;2,3173;6,6186;0,212;5,6543;12,6842;0,1462;6,5588;0,7801;7,8102;1,7954;4,7495;1,5465;2,4904;5,5557;2,61;0,5628;0,2729;0,2268;0,1649;3,9981;6,2113;2,3983;1,03;3,2362;10,1609;0,9619;0,2744;4,2211;0,3065;4,7446;4,2822;3,3313;0,5347;0,8621;1,9558;0,3678;1,7135;7,8587;7,2889;3,9141;4,8631;7,5299;5,4379;2,5709;2,5599;9,0983;11,8961;0,3878;1,5214;0,8016;0,7477;5,0225;12,0247;21,9957;2,4847;2,7222;4,7993;0,2669;8,6481;2,9916;2,6993;0,3245;0,2933;4,2229;1,0893;1,6121;3,2816;0,3225;6,4102;3,9669;15,0922;3,6659;1,7879;2,9254;0,1326;3,937;5,5324;3,839;3,8146;3,6202;3,7551;0,2682;3,2479;0,6216;3,6809;3,6473;6,3242;0,2524;0,8389;3,2975;0,0666;7,1185;14,8985;1,8059;0,0879;0,5607;0,8456;9,0921;7,148;0,4428;5,9921;6,841;8,8549;15,8371;6,1505;0,9189;2,4731;1,7171;1,2507;14,5764;0,8349;8,2386;0,4953;1,1816;5,1775;1,2682;1,3887;9,8364;32,2817;3,7884;11,0352;0,0973;1,4526;15,9409;0,5152;0,6465;8,7558;0,5438;0,1224;1,0181;0,0444;6,7428;0,7442;0,1426;0,7447;5,6507;0,673;4,2549;6,1737;6,8332;3,807;0,773;6,0516;1,5456;0,1425;5,6238;7,0928;0,2636;3,6506;0,8257;12,2512;2,6802;0,4907;3,6832;1,7075;1,4526;0,7447;12,3427;2,5365;5,0664;0,9235;0,2102;0,1288;3,9022;6,1128;1,7825;14,8233;3,3817;2,1791;4,6075;2,4507;0,5857;4,4225;1,493;0,3706;7,6914;0,3937;0,701
0,1655;0,7661;1,7827;6,5322;4,2467;19,3782;3,9758;2,013;5,5661;15,5035;7,1331;3,2928;0,06;8,1963;0,6214;0,229;0,5098;5,822;20,7148;6,9668;6,6468;6,2455;1,6489;2,0014;2,065;4,4335;17,3623;1,3778;2,982;0,0451;15,6506;6,5689;4,402;4,6312;7,4873;0,3997;0,3824;0,0338;1,0184;1,5949;0,3864;1,0679;1,6605;5,1379;2,3578;5,9073;9,4921;8,5362;0,3784;2,4004;5,7183;2,351;3,9483;5,8037;2,2479;6,3989;7,3517;6,7364;2,359;2,3797;6,4356;0,2467;5,4926;11,5887;0,1551;6,4033;0,771;8,0826;1,7737;4,572;1,63;2,3358;5,4277;2,5681;0,6051;0,2987;0,225;0,1662;4,2807;6,058;2,6264;1,1207;3,2972;10,1244;1,0263;0,2806;4,0192;0,2988;4,7465;4,3985;3,4073;0,5317;0,8357;2,1605;0,3774;1,791;7,7373;7,4128;4,0194;4,8197;6,8762;5,3769;3,0621;2,3691;8,8017;11,8513;0,3501;1,7793;0,9098;0,7361;5,2344;12,2003;21,1689;2,4034;2,7248;4,6699;0,2311;8,7406;2,9794;2,6114;0,3327;0,2853;3,6667;1,0009;1,6617;3,3599;0,3321;6,5978;4,1584;15,3302;4,0422;1,8081;3,1545;0,1248;4,2878;5,4023;3,6494;3,914;3,7142;3,516;0,2744;3,1983;0,6255;3,6936;4,0178;6,811;0,2362;0,864;3,264;0,0751;7,5437;15,2685;1,7583;0,0864;0,5539;0,7775;8,7839;7,0765;0,5329;5,0319;6,6033;8,8326;16,4306;6,0069;0,8524;2,4152;1,6951;1,2763;13,9946;0,8104;8,2136;0,498;2,1277;4,8134;1,3145;1,3584;9,8672;31,2354;3,8611;11,4966;0,1029;1,5043;14,8854;0,4967;0,6536;8,4062;0,5461;0,1094;1,085;0,0428;6,6064;0,7335;0,1491;0,7339;5,5703;0,6624;3,7223;6,0586;6,7843;3,539;0,7842;5,9941;1,4167;0,1403;5,8512;7,2445;0,2871;3,6139;0,9509;12,0444;2,5887;0,4834;3,6962;1,5216;1,5043;0,7339;11,8162;2,5048;4,972;0,9204;0,2066;0,1412;4,1598;6,195;1,9084;15,2225;3,4127;2,3746;4,4301;3,009;0,7064;4,4754;1,3829;0,3333;7,575;0,4334;0,8225
0,161;0,7792;1,6922;6,5494;4,2726;20,5023;3,7407;2,1875;5,645;15,2536;7,294;3,5424;0,0606;8,0956;0,594;0,2386;0,5482;5,6109;22,2596;7,02;6,2695;6,1222;1,6448;1,8969;2,0507;4,4614;15,9572;1,3682;2,9003;0,0461;15,4306;6,2654;4,359;4,799;7,6059;0,4142;0,3658;0,0358;1,1928;1,6147;0,4046;1,1265;1,6206;5,1023;2,2895;5,8511;9,0228;7,9116;0,3911;2,38;5,108;2,5023;4,01;5,9303;2,2344;6,4897;7,3642;6,5741;2,2654;2,3897;6,1114;0,2515;5,0914;7,672;0,1609;6,0911;0,7613;7,3729;1,7747;4,4595;1,5325;2,3408;5,2205;2,7176;0,6357;0,3067;0,2312;0,1675;3,4449;5,5962;2,689;1,163;3,5681;9,8114;1,0262;0,2806;4,0637;0,2975;4,7466;4,4325;3,4238;0,5401;0,8501;2,2993;0,3832;1,7759;7,2451;7,4451;4,1998;4,5484;6,9196;5,3113;2,9818;2,3022;8,541;11,4569;0,4373;1,5566;0,9983;0,7244;5,2398;12,2252;20,8619;2,3692;2,5943;4,834;0,2367;8,6466;3,0238;2,5606;0,3412;0,2896;3,8979;1,0907;1,7302;3,3822;0,346;6,7112;4,1981;15,3064;3,9554;1,9689;3,3255;0,1496;4,1823;5,4013;3,5917;4,0243;3,745;3,9967;0,2835;3,2932;0,6923;3,6747;4,1799;7,137;0,2476;0,901;3,2946;0,0769;7,7207;14,7535;1,7248;0,0917;0,567;0,7863;8,4371;6,7223;0,4665;4,9456;6,8304;8,5189;16,5183;5,9655;0,8535;3,1518;1,7289;1,3174;13,954;0,7943;7,7736;0,5116;1,9709;4,3398;1,2573;1,3525;9,5233;32,7618;3,8174;11,7972;0,1036;1,4955;14,6196;0,477;0,6637;8,3071;0,5333;0,1118;1,242;0,0432;6,616;0,734;0,1627;0,7345;5,5343;0,699;4,4145;5,6984;6,5122;3,405;0,8208;6,2484;1,2792;0,1395;5,9768;7,2188;0,2875;3,7456;1,0089;11,8326;2,5384;0,4842;3,6777;1,5245;1,4955;0,7345;11,3095;2,4823;4,7536;0,9127;0,2079;0,1364;3,9366;6,3415;1,893;14,6734;3,4755;2,478;3,8776;3,5133;0,6899;4,4357;1,4157;0,3157;7,5686;0,37;0,7659
